Id,Contacts.Id
001dM00003dPic9QAC,003dM00001qKBQgQAO
001dM00003dPic9QAC,003dM00001qKBQfQAO
001dM00003dPicAQAS,003dM00001qKBQhQAO
001dM00003dPicBQAS,003dM00001qKBQiQAO
001dM00003dPicCQAS,003dM00001qKBQjQAO
001dM00003dPicDQAS,003dM00001qKBQlQAO
001dM00003dPicDQAS,003dM00001qKBQkQAO
001dM00003dPicEQAS,003dM00001qKBQwQAO
001dM00003dPicEQAS,003dM00001qKBQrQAO
001dM00003dPicEQAS,003dM00001qKBQnQAO
001dM00003dPicEQAS,003dM00001qKBQmQAO
001dM00003dPicFQAS,003dM00001qKBQpQAO
001dM00003dPicFQAS,003dM00001qKBQoQAO
001dM00003dPicGQAS,003dM00001qKBQqQAO
001dM00003dPicHQAS,003dM00001qKBQsQAO
001dM00003dPicIQAS,003dM00001qKBQuQAO
001dM00003dPicIQAS,003dM00001qKBQtQAO
001dM00003dPicJQAS,003dM00001qKBQvQAO
001dM00003dPicKQAS,003dM00001qKBQyQAO
001dM00003dPicKQAS,003dM00001qKBQxQAO
001dM00003dPicLQAS,
001dM00003dm6uLQAQ,
001dM00003dmeRNQAY,